date,entry_time,direction,model,grade,score,entry,sl,tp,current_sl,risk_pts,breakeven_moved,bars_held,qty,exit_price,reason,pts,pnl,exit_time
2025-12-11,09:25,SELL,Judas Swing Model,A,76,25798.25,25806.88,25780.99,25806.88,8.630000000001019,False,1,50,25780.99,TP,17.2599999999984,863.0,09:30
2025-12-11,09:45,BUY,Turtle Soup Model (PDL),A+,92,25737.8,25690.91,25831.58,25737.8,46.88999999999942,True,6,50,25813.05,NEAR_TP,75.25,3762.5,10:15
2025-12-12,09:20,SELL,Judas Swing Model,A+,86,25992.3,26017.42,25942.06,26017.42,25.11999999999898,False,2,50,26017.42,SL,-25.11999999999898,-1256.0,09:30
2025-12-15,09:45,BUY,Judas Swing Model,A+,91,25937.7,25901.4,26010.3,25937.7,36.29999999999927,True,25,50,26010.3,TP,72.59999999999854,3630.0,11:50
2025-12-16,09:35,BUY,Turtle Soup Model (PDL),A+,87,25917.0,25898.94,25953.12,25917.0,18.06000000000131,True,4,50,25917.0,BREAKEVEN,0.0,0.0,09:55
2025-12-17,09:25,SELL,Judas Swing Model,A,76,25903.5,25928.4,25853.7,25928.4,24.900000000001455,False,2,50,25928.4,SL,-24.900000000001455,-1245.0,09:35
2025-12-17,09:50,BUY,Silver Bullet Model,A,80,25865.25,25844.55,25906.65,25844.55,20.700000000000728,False,3,50,25844.55,SL,-20.700000000000728,-1035.0,10:05
2025-12-23,09:25,BUY,Judas Swing Model,A+,86,26149.65,26139.25,26170.45,26139.25,10.400000000001455,False,1,50,26139.25,SL,-10.400000000001455,-520.0,09:30
2025-12-24,09:20,SELL,Judas Swing Model,A+,86,26206.0,26221.27,26175.46,26221.27,15.270000000000437,False,1,50,26221.27,SL,-15.270000000000437,-763.5,09:25
2025-12-24,10:15,SELL,Turtle Soup Model (PDH),A+,87,26224.25,26239.24,26194.27,26224.25,14.9900000000016,True,9,50,26202.1,NEAR_TP,22.150000000001455,1107.5,11:00
2025-12-26,09:20,BUY,Turtle Soup Model (PDL),A+,87,26131.9,26117.72,26160.26,26117.72,14.180000000000291,False,2,50,26117.72,SL,-14.180000000000291,-709.0,09:30
2025-12-29,09:20,BUY,Judas Swing Model,A+,91,26059.7,26041.76,26095.58,26059.7,17.94000000000233,True,7,50,26059.7,BREAKEVEN,0.0,0.0,09:55
2025-12-30,09:30,BUY,Judas Swing Model,A,81,25905.35,25875.25,25965.55,25905.35,30.099999999998545,True,10,50,25965.55,TP,60.20000000000073,3010.0,10:20
2025-12-30,15:00,BUY,Turtle Soup Model (PDL),A+,92,25936.45,25912.86,25983.63,25912.86,23.590000000000146,False,3,50,25940.15,SQUAREOFF,3.7000000000007276,185.0,15:15
2025-12-31,09:25,BUY,Turtle Soup Model (PWL),A+,92,26016.3,25974.09,26100.72,25974.09,42.20999999999913,False,3,50,25974.09,SL,-42.20999999999913,-2110.5,09:40
2026-01-01,09:25,BUY,Judas Swing Model,A+,88,26187.2,26146.28,26269.04,26146.28,40.92000000000189,False,10,50,26146.28,SL,-40.92000000000189,-2046.0,10:15
2026-01-02,09:20,SELL,Turtle Soup Model (PDH),A+,92,26192.45,26205.22,26166.91,26205.22,12.770000000000437,False,1,50,26205.22,SL,-12.770000000000437,-638.5,09:25
2026-01-05,10:10,SELL,Turtle Soup Model (PDH),A,84,26339.15,26345.73,26325.99,26345.73,6.579999999998108,False,1,50,26345.73,SL,-6.579999999998108,-329.0,10:15
2026-01-07,09:45,BUY,Judas Swing Model,A,83,26114.95,26098.38,26148.09,26098.38,16.56999999999971,False,1,50,26098.38,SL,-16.56999999999971,-828.5,09:50
2026-01-07,14:55,BUY,Turtle Soup Model (PWL),A+,92,26117.35,26109.47,26133.11,26109.47,7.879999999997381,False,1,50,26133.11,TP,15.760000000002037,788.0,15:00
2026-01-08,09:35,BUY,Judas Swing Model,A,76,26092.45,26046.58,26184.19,26046.58,45.86999999999898,False,8,50,26046.58,SL,-45.86999999999898,-2293.5,10:15
2026-01-09,09:25,BUY,Judas Swing Model,A,81,25840.9,25834.82,25853.06,25834.82,6.080000000001746,False,1,50,25834.82,SL,-6.080000000001746,-304.0,09:30
2026-01-09,09:45,BUY,Turtle Soup Model (PDL),A+,92,25887.7,25844.62,25973.86,25844.62,43.080000000001746,False,10,50,25844.62,SL,-43.080000000001746,-2154.0,10:35
2026-01-13,10:05,BUY,Unicorn Model,A+,91,25760.65,25704.46,25873.03,25760.65,56.19000000000233,True,7,50,25760.65,BREAKEVEN,0.0,0.0,10:40
2026-01-13,14:10,BUY,Turtle Soup Model (PWL),A+,87,25636.55,25617.51,25674.63,25617.51,19.040000000000873,False,2,50,25617.51,SL,-19.040000000000873,-952.0,14:20
2026-01-14,09:20,SELL,Judas Swing Model,A+,91,25705.15,25747.53,25620.39,25747.53,42.37999999999738,False,2,50,25747.53,SL,-42.37999999999738,-2119.0,09:30
2026-01-16,09:45,SELL,Judas Swing Model,A,81,25742.95,25748.36,25732.13,25748.36,5.4099999999998545,False,1,50,25748.36,SL,-5.4099999999998545,-270.5,09:50
2026-01-22,14:45,SELL,Turtle Soup Model (PDH),A+,87,25298.45,25322.94,25249.47,25322.94,24.489999999997963,False,3,50,25249.47,TP,48.97999999999956,2449.0,15:00
2026-01-27,09:35,BUY,Judas Swing Model,A,76,25091.5,24925.76,25422.98,24925.76,165.7400000000016,False,68,50,25202.9,SQUAREOFF,111.40000000000146,5570.0,15:15
2026-01-28,09:30,SELL,Judas Swing Model,A,83,25309.3,25378.08,25171.74,25309.3,68.78000000000247,True,18,50,25309.3,BREAKEVEN,0.0,0.0,11:00
2026-01-28,13:30,SELL,Turtle Soup Model (PDH),A+,92,25232.8,25254.95,25188.5,25232.8,22.150000000001455,True,3,50,25198.8,NEAR_TP,34.0,1700.0,13:45
2026-01-29,10:00,BUY,Turtle Soup Model (PDL),A+,87,25193.0,25162.04,25254.92,25193.0,30.959999999999127,True,4,50,25193.0,BREAKEVEN,0.0,0.0,10:20
2026-01-29,10:15,BUY,Silver Bullet Model,A,77,25210.85,25182.78,25266.99,25182.78,28.06999999999971,False,1,50,25182.78,SL,-28.06999999999971,-1403.5,10:20
2026-01-29,14:00,SELL,Turtle Soup Model (PWH),A+,87,25416.9,25440.77,25369.16,25416.9,23.86999999999898,True,2,50,25416.9,BREAKEVEN,0.0,0.0,14:10
2026-01-30,09:30,BUY,Judas Swing Model,A+,86,25261.4,25213.5,25357.2,25261.4,47.900000000001455,True,20,50,25261.4,BREAKEVEN,0.0,0.0,11:10
2026-01-30,14:00,SELL,Turtle Soup Model (PWH),A+,87,25338.8,25356.73,25302.94,25356.73,17.93000000000029,False,1,50,25356.73,SL,-17.93000000000029,-896.5,14:05
2026-02-01,09:45,SELL,Judas Swing Model,A+,91,25334.7,25351.34,25301.42,25351.34,16.639999999999418,False,1,50,25301.42,TP,33.280000000002474,1664.0,09:50
2026-02-01,10:25,SELL,Turtle Soup Model (PDH),A+,87,25368.25,25380.6,25343.55,25368.25,12.349999999998545,True,2,50,25368.25,BREAKEVEN,0.0,0.0,10:35
2026-02-03,09:25,BUY,Judas Swing Model,A+,91,25786.25,25747.39,25863.97,25747.39,38.86000000000058,False,2,50,25747.39,SL,-38.86000000000058,-1943.0,09:35
2026-02-04,09:35,SELL,Judas Swing Model,A,81,25729.75,25796.16,25596.93,25796.16,66.40999999999985,False,6,50,25796.16,SL,-66.40999999999985,-3320.5,10:05
2026-02-05,09:20,BUY,Judas Swing Model,A,76,25682.3,25676.98,25692.94,25676.98,5.319999999999709,False,1,50,25676.98,SL,-5.319999999999709,-266.0,09:25
2026-02-06,09:20,BUY,Turtle Soup Model (PDL),A+,87,25587.85,25574.71,25614.13,25574.71,13.139999999999418,False,1,50,25574.71,SL,-13.139999999999418,-657.0,09:25
2026-02-06,09:45,BUY,Judas Swing Model,A,76,25569.0,25518.28,25670.44,25518.28,50.720000000001164,False,5,50,25518.28,SL,-50.720000000001164,-2536.0,10:10
2026-02-09,09:20,BUY,Judas Swing Model,A+,91,25821.85,25787.82,25889.91,25787.82,34.029999999998836,False,3,50,25787.82,SL,-34.029999999998836,-1701.5,09:35
2026-02-10,09:25,SELL,Turtle Soup Model (PDH),A+,87,25917.6,25927.31,25898.18,25927.31,9.710000000002765,False,1,50,25927.31,SL,-9.710000000002765,-485.5,09:30
2026-02-10,09:50,SELL,Judas Swing Model,A,76,25932.6,25964.96,25867.88,25964.96,32.36000000000058,False,3,50,25964.96,SL,-32.36000000000058,-1618.0,10:05
2026-02-11,09:20,SELL,Turtle Soup Model (PDH),A+,87,25980.7,25996.71,25948.68,25980.7,16.0099999999984,True,3,50,25948.68,TP,32.02000000000044,1601.0,09:35
2026-02-11,09:50,BUY,Judas Swing Model,A,81,25950.1,25920.09,26010.12,25920.09,30.0099999999984,False,2,50,25920.09,SL,-30.0099999999984,-1500.5,10:00
2026-02-12,09:45,BUY,Judas Swing Model,A+,91,25854.7,25819.23,25925.64,25819.23,35.470000000001164,False,21,50,25819.23,SL,-35.470000000001164,-1773.5,11:30
2026-02-13,09:40,BUY,Judas Swing Model,A,83,25560.85,25520.28,25641.99,25520.28,40.56999999999971,False,7,50,25520.28,SL,-40.56999999999971,-2028.5,10:15
2026-02-16,09:40,SELL,Judas Swing Model,A,76,25460.75,25533.03,25316.19,25533.03,72.27999999999884,False,4,50,25533.03,SL,-72.27999999999884,-3614.0,10:00
2026-02-17,09:25,BUY,Judas Swing Model,A+,91,25592.8,25566.44,25645.52,25592.8,26.360000000000582,True,4,50,25645.52,TP,52.720000000001164,2636.0,09:45
2026-02-17,10:20,SELL,Turtle Soup Model (PDH),A+,87,25694.65,25701.8,25680.35,25701.8,7.149999999997817,False,1,50,25701.8,SL,-7.149999999997817,-357.5,10:25
2026-02-18,09:25,BUY,Judas Swing Model,A,81,25728.5,25693.65,25798.2,25693.65,34.849999999998545,False,6,50,25693.65,SL,-34.849999999998545,-1742.5,09:55
2026-02-20,09:30,BUY,Judas Swing Model,A,81,25466.35,25373.34,25652.37,25466.35,93.0099999999984,True,34,50,25648.1,NEAR_TP,181.75,9087.5,12:20
2026-02-23,13:30,SELL,Turtle Soup Model (PDH),A+,92,25648.05,25683.49,25577.17,25648.05,35.44000000000233,True,10,50,25648.05,BREAKEVEN,0.0,0.0,14:20
2026-02-24,14:45,BUY,Turtle Soup Model (PWL),A+,87,25396.05,25357.57,25473.01,25396.05,38.47999999999956,True,6,50,25435.55,SQUAREOFF,39.5,1975.0,15:15
2026-02-25,09:30,SELL,Judas Swing Model,A,81,25579.05,25599.65,25537.85,25599.65,20.600000000002183,False,5,50,25599.65,SL,-20.600000000002183,-1030.0,09:55
2026-02-25,10:15,SELL,Turtle Soup Model (PDH),A+,87,25639.4,25656.66,25604.88,25639.4,17.2599999999984,True,6,50,25616.6,NEAR_TP,22.80000000000291,1140.0,10:45
2026-02-26,09:35,BUY,Judas Swing Model,A,76,25545.0,25483.55,25667.9,25483.55,61.45000000000073,False,25,50,25483.55,SL,-61.45000000000073,-3072.5,11:40
2026-02-27,09:35,BUY,Judas Swing Model,A+,86,25383.4,25346.38,25457.44,25346.38,37.02000000000044,False,2,50,25346.38,SL,-37.02000000000044,-1851.0,09:45
2026-02-27,14:45,BUY,2022 Model,A,78,25300.75,25267.49,25367.27,25267.49,33.2599999999984,False,3,50,25267.49,SL,-33.2599999999984,-1663.0,15:00
2026-03-02,09:20,SELL,Judas Swing Model,A+,91,24896.5,24968.39,24752.72,24968.39,71.88999999999942,False,2,50,24968.39,SL,-71.88999999999942,-3594.5,09:30
2026-03-04,09:25,BUY,Judas Swing Model,A+,91,24342.85,24303.94,24420.67,24342.85,38.909999999999854,True,4,50,24365.25,NEAR_TP,22.400000000001455,1120.0,09:45
2026-03-05,09:40,BUY,Judas Swing Model,A,76,24596.2,24523.25,24742.1,24596.2,72.95000000000073,True,23,50,24596.2,BREAKEVEN,0.0,0.0,11:35
2026-03-06,09:20,BUY,Judas Swing Model,A,76,24647.6,24579.09,24784.62,24579.09,68.5099999999984,False,18,50,24579.09,SL,-68.5099999999984,-3425.5,10:50
2026-03-09,09:30,BUY,Judas Swing Model,A,76,23764.85,23686.31,23921.93,23764.85,78.53999999999724,True,26,50,23921.93,TP,157.08000000000175,7854.0,11:40
2026-03-10,09:20,BUY,Judas Swing Model,A+,91,24152.6,24130.5,24196.8,24130.5,22.099999999998545,False,1,50,24130.5,SL,-22.099999999998545,-1105.0,09:25
2026-03-11,09:20,SELL,Judas Swing Model,A,76,24242.5,24304.42,24118.66,24242.5,61.919999999998254,True,8,50,24160.6,NEAR_TP,81.90000000000146,4095.0,10:00
2026-03-13,09:20,BUY,Judas Swing Model,A+,86,23431.6,23409.95,23474.9,23409.95,21.649999999997817,False,1,50,23474.9,TP,43.30000000000291,2165.0,09:25
2026-03-16,09:25,BUY,Turtle Soup Model (PDL),A+,87,23157.75,23104.63,23263.99,23157.75,53.11999999999898,True,2,50,23263.99,TP,106.2400000000016,5312.0,09:35
2026-03-16,09:35,SELL,Judas Swing Model,A+,91,23242.75,23276.98,23174.29,23276.98,34.22999999999956,False,1,50,23276.98,SL,-34.22999999999956,-1711.5,09:40
2026-03-16,14:50,SELL,Turtle Soup Model (PDH),A+,87,23458.15,23509.46,23355.53,23458.15,51.30999999999767,True,4,50,23458.15,BREAKEVEN,0.0,0.0,15:10
2026-03-17,09:25,BUY,Inverse FVG Model,A,75,23373.15,23301.56,23516.33,23373.15,71.59000000000015,True,7,50,23516.33,TP,143.1800000000003,7159.0,10:00
2026-03-18,09:20,SELL,Judas Swing Model,A+,88,23676.15,23746.1,23536.25,23746.1,69.94999999999709,False,6,50,23746.1,SL,-69.94999999999709,-3497.5,09:50
2026-03-19,14:20,BUY,Turtle Soup Model (PWL),A+,87,23127.9,23105.12,23173.46,23105.12,22.780000000002474,False,1,50,23105.12,SL,-22.780000000002474,-1139.0,14:25
2026-03-20,09:20,SELL,Judas Swing Model,A+,88,23254.45,23311.94,23139.47,23311.94,57.48999999999796,False,2,50,23311.94,SL,-57.48999999999796,-2874.5,09:30
2026-03-24,09:20,BUY,Judas Swing Model,A+,86,22816.7,22752.78,22944.54,22752.78,63.92000000000189,False,4,50,22752.78,SL,-63.92000000000189,-3196.0,09:40
2026-03-25,14:15,SELL,Turtle Soup Model (PWH),A+,92,23375.75,23408.41,23310.43,23375.75,32.659999999999854,True,2,50,23337.25,NEAR_TP,38.5,1925.0,14:25
2026-03-27,09:20,BUY,Judas Swing Model,A,76,23075.1,23017.7,23189.9,23017.7,57.39999999999782,False,2,50,23017.7,SL,-57.39999999999782,-2870.0,09:30
2026-03-30,13:30,BUY,Turtle Soup Model (PWL),A+,87,22485.8,22459.35,22538.7,22459.35,26.450000000000728,False,2,50,22459.35,SL,-26.450000000000728,-1322.5,13:40
2026-04-01,09:20,SELL,Judas Swing Model,A,76,22899.55,22913.92,22870.81,22913.92,14.369999999998981,False,1,50,22913.92,SL,-14.369999999998981,-718.5,09:25
2026-04-01,10:30,SELL,Silver Bullet Model,A,80,22796.0,22945.39,22497.22,22796.0,149.38999999999942,True,57,50,22681.1,SQUAREOFF,114.90000000000146,5745.0,15:15
2026-04-07,09:40,SELL,Judas Swing Model,A,81,22801.8,22908.82,22587.76,22908.82,107.02000000000044,False,4,50,22908.82,SL,-107.02000000000044,-5351.0,10:00
2026-04-08,09:50,SELL,Judas Swing Model,A+,86,23922.05,23971.83,23822.49,23922.05,49.780000000002474,True,8,50,23922.05,BREAKEVEN,0.0,0.0,10:30
2026-04-09,09:30,SELL,Judas Swing Model,A,81,23890.95,23996.78,23679.29,23890.95,105.82999999999811,True,28,50,23890.95,BREAKEVEN,0.0,0.0,11:50
2026-04-10,09:20,SELL,Judas Swing Model,A,76,23918.85,23985.53,23785.49,23985.53,66.68000000000029,False,5,50,23985.53,SL,-66.68000000000029,-3334.0,09:45
2026-04-13,14:40,BUY,Turtle Soup Model (PDL),A+,92,23866.35,23851.95,23895.15,23866.35,14.399999999997817,True,2,50,23881.8,NEAR_TP,15.450000000000728,772.5,14:50
2026-04-15,09:40,BUY,Judas Swing Model,A,81,24207.35,24138.0,24346.05,24138.0,69.34999999999854,False,67,50,24223.0,SQUAREOFF,15.650000000001455,782.5,15:15
2026-04-16,09:20,SELL,Judas Swing Model,A,83,24387.5,24402.19,24358.12,24402.19,14.68999999999869,False,2,50,24358.12,TP,29.38000000000102,1469.0,09:30
2026-04-16,14:05,BUY,Turtle Soup Model (PDL),A+,87,24155.95,24128.47,24210.91,24155.95,27.479999999999563,True,5,50,24210.91,TP,54.95999999999913,2748.0,14:30
2026-04-17,09:20,SELL,Judas Swing Model,A+,86,24196.9,24238.82,24113.06,24238.82,41.919999999998254,False,8,50,24238.82,SL,-41.919999999998254,-2096.0,10:00
2026-04-20,09:25,SELL,Turtle Soup Model (PWH),A+,87,24383.0,24421.84,24305.32,24383.0,38.840000000000146,True,3,50,24305.32,TP,77.68000000000029,3884.0,09:40
2026-04-20,09:45,BUY,Unicorn Model,A+,91,24296.55,24254.96,24379.73,24296.55,41.590000000000146,True,4,50,24379.73,TP,83.18000000000029,4159.0,10:05
2026-04-21,09:20,SELL,Judas Swing Model,A+,91,24465.05,24490.76,24413.63,24490.76,25.709999999999127,False,5,50,24490.76,SL,-25.709999999999127,-1285.5,09:45
2026-04-22,09:30,BUY,Judas Swing Model,A+,86,24452.15,24422.92,24510.61,24422.92,29.2300000000032,False,2,50,24422.92,SL,-29.2300000000032,-1461.5,09:40
2026-04-22,10:00,BUY,Turtle Soup Model (PDL),A+,87,24383.25,24348.35,24453.05,24383.25,34.900000000001455,True,11,50,24439.9,NEAR_TP,56.650000000001455,2832.5,10:55
2026-04-22,14:00,SELL,Unicorn Model,A+,88,24420.4,24440.66,24379.88,24420.4,20.2599999999984,True,7,50,24420.4,BREAKEVEN,0.0,0.0,14:35
2026-04-23,09:30,SELL,Judas Swing Model,A+,91,24213.15,24262.14,24115.17,24262.14,48.98999999999796,False,3,50,24262.14,SL,-48.98999999999796,-2449.5,09:45
2026-04-27,09:20,SELL,Judas Swing Model,A+,86,24046.6,24072.34,23995.12,24046.6,25.7400000000016,True,3,50,24007.2,NEAR_TP,39.39999999999782,1970.0,09:35
2026-04-28,09:20,SELL,Judas Swing Model,A+,91,24086.7,24113.9,24032.3,24113.9,27.200000000000728,False,1,50,24113.9,SL,-27.200000000000728,-1360.0,09:25
2026-04-28,09:25,SELL,Turtle Soup Model (PDH),A+,87,24115.35,24137.82,24070.41,24115.35,22.470000000001164,True,3,50,24115.35,BREAKEVEN,0.0,0.0,09:40
2026-04-29,09:20,BUY,Judas Swing Model,A+,88,24077.9,24055.05,24123.6,24077.9,22.850000000002183,True,2,50,24123.6,TP,45.69999999999709,2285.0,09:30
2026-04-30,10:15,BUY,Turtle Soup Model (PWL),A+,92,23838.45,23795.25,23924.85,23838.45,43.20000000000073,True,26,50,23911.45,NEAR_TP,73.0,3650.0,12:25
2026-04-30,14:40,BUY,Turtle Soup Model (PDL),A+,89,24075.1,24050.07,24125.16,24050.07,25.029999999998836,False,1,50,24050.07,SL,-25.029999999998836,-1251.5,14:45
2026-05-04,09:50,SELL,Judas Swing Model,A,81,24232.15,24296.51,24103.43,24232.15,64.35999999999694,True,11,50,24232.15,BREAKEVEN,0.0,0.0,10:45
2026-05-04,13:50,SELL,Turtle Soup Model (PDH),A+,87,24086.0,24113.55,24030.9,24086.0,27.549999999999272,True,4,50,24086.0,BREAKEVEN,0.0,0.0,14:10
2026-05-05,09:40,BUY,Turtle Soup Model (PDL),A+,87,24013.75,23994.89,24051.47,24013.75,18.860000000000582,True,2,50,24051.47,TP,37.720000000001164,1886.0,09:50
2026-05-06,09:20,BUY,Judas Swing Model,A+,91,24185.2,24151.19,24253.22,24151.19,34.01000000000204,False,3,50,24151.19,SL,-34.01000000000204,-1700.5,09:35
2026-05-06,14:50,SELL,Turtle Soup Model (PWH),A,84,24332.1,24361.39,24273.52,24361.39,29.290000000000873,False,5,50,24330.65,SQUAREOFF,1.4499999999970896,72.5,15:15
2026-05-07,09:20,BUY,Judas Swing Model,A+,86,24335.35,24295.56,24414.93,24335.35,39.789999999997235,True,6,50,24335.35,BREAKEVEN,0.0,0.0,09:50
2026-05-07,14:50,BUY,Unicorn Model,A,81,24348.2,24302.19,24440.22,24302.19,46.01000000000204,False,4,50,24302.19,SL,-46.01000000000204,-2300.5,15:10
2026-05-08,09:20,SELL,Judas Swing Model,A+,91,24215.0,24259.57,24125.86,24215.0,44.56999999999971,True,5,50,24168.55,NEAR_TP,46.45000000000073,2322.5,09:45
2026-05-11,09:20,BUY,Judas Swing Model,A+,86,23937.45,23889.37,24033.61,23889.37,48.080000000001746,False,3,50,23889.37,SL,-48.080000000001746,-2404.0,09:35
2026-05-13,09:50,BUY,Judas Swing Model,A,81,23367.6,23255.57,23591.66,23367.6,112.02999999999884,True,38,50,23559.35,NEAR_TP,191.75,9587.5,13:00
2026-05-14,09:25,SELL,Judas Swing Model,A+,86,23581.3,23594.58,23554.74,23581.3,13.280000000002474,True,2,50,23554.74,TP,26.55999999999767,1328.0,09:35
2026-05-14,10:05,BUY,Silver Bullet Model,A,80,23484.95,23397.53,23659.79,23484.95,87.42000000000189,True,19,50,23659.79,TP,174.84000000000015,8742.0,11:40
2026-05-15,09:30,SELL,Judas Swing Model,A,76,23749.6,23802.35,23644.1,23802.35,52.75,False,2,50,23802.35,SL,-52.75,-2637.5,09:40
2026-05-18,09:25,BUY,Judas Swing Model,A,83,23373.1,23356.34,23406.62,23373.1,16.7599999999984,True,2,50,23373.1,BREAKEVEN,0.0,0.0,09:35
2026-05-18,13:45,BUY,Turtle Soup Model (PDL),A+,92,23624.45,23599.99,23673.37,23624.45,24.459999999999127,True,4,50,23624.45,BREAKEVEN,0.0,0.0,14:05
2026-05-19,09:30,SELL,Judas Swing Model,A,76,23684.0,23774.51,23502.98,23774.51,90.5099999999984,False,15,50,23774.51,SL,-90.5099999999984,-4525.5,10:45
2026-05-20,09:40,BUY,Silver Bullet Model,A,80,23524.25,23462.94,23646.87,23524.25,61.31000000000131,True,26,50,23626.9,NEAR_TP,102.65000000000146,5132.5,11:50
2026-05-21,09:20,BUY,Judas Swing Model,A+,91,23775.05,23747.21,23830.73,23747.21,27.840000000000146,False,2,50,23747.21,SL,-27.840000000000146,-1392.0,09:30
2026-05-21,13:45,SELL,Turtle Soup Model (PDH),A+,87,23665.15,23695.61,23604.23,23695.61,30.459999999999127,False,11,50,23695.61,SL,-30.459999999999127,-1523.0,14:40
2026-05-22,10:25,SELL,Unicorn Model,A+,91,23761.45,23792.92,23698.51,23792.92,31.469999999997526,False,3,50,23792.92,SL,-31.469999999997526,-1573.5,10:40
2026-05-25,09:20,SELL,Judas Swing Model,A+,91,23978.3,23992.47,23949.96,23978.3,14.170000000001892,True,3,50,23949.96,TP,28.340000000000146,1417.0,09:35
2026-05-25,13:45,SELL,2022 Model,A,81,23971.35,23992.47,23929.11,23992.47,21.12000000000262,False,10,50,23992.47,SL,-21.12000000000262,-1056.0,14:35
2026-05-26,09:20,SELL,Judas Swing Model,A+,91,24020.6,24029.36,24003.08,24029.36,8.760000000002037,False,1,50,24029.36,SL,-8.760000000002037,-438.0,09:25
2026-05-26,09:50,SELL,Turtle Soup Model (PDH),A,84,24035.9,24060.73,23986.24,24060.73,24.82999999999811,False,4,50,24060.73,SL,-24.82999999999811,-1241.5,10:10
2026-05-26,14:10,BUY,Turtle Soup Model (PDL),A+,87,23924.2,23906.79,23959.02,23906.79,17.409999999999854,False,5,50,23906.79,SL,-17.409999999999854,-870.5,14:35
2026-05-27,09:20,SELL,Judas Swing Model,A+,86,23933.7,23953.79,23893.52,23933.7,20.090000000000146,True,2,50,23893.52,TP,40.18000000000029,2009.0,09:30
2026-05-27,09:45,BUY,Turtle Soup Model (PDL),A+,87,23890.45,23867.24,23936.87,23867.24,23.209999999999127,False,4,50,23936.87,TP,46.419999999998254,2321.0,10:05
2026-05-29,09:30,BUY,Unicorn Model,A,82,23898.1,23877.95,23938.4,23898.1,20.149999999997817,True,1,50,23922.65,NEAR_TP,24.55000000000291,1227.5,09:35
2026-05-29,09:35,BUY,Judas Swing Model,A,81,23922.65,23881.21,24005.53,23881.21,41.44000000000233,False,1,50,23881.21,SL,-41.44000000000233,-2072.0,09:40
2026-06-01,13:30,BUY,Turtle Soup Model (PDL),A+,89,23485.7,23472.5,23512.1,23472.5,13.200000000000728,False,3,50,23472.5,SL,-13.200000000000728,-660.0,13:45
2026-06-02,09:20,SELL,Judas Swing Model,A,81,23281.6,23295.99,23252.82,23295.99,14.390000000003056,False,1,50,23295.99,SL,-14.390000000003056,-719.5,09:25
2026-06-02,14:50,SELL,2022 Model,A,78,23469.1,23503.7,23399.9,23469.1,34.60000000000218,True,3,50,23469.1,BREAKEVEN,0.0,0.0,15:05
2026-06-03,09:20,BUY,Judas Swing Model,A+,86,23304.25,23279.65,23353.45,23279.65,24.599999999998545,False,1,50,23279.65,SL,-24.599999999998545,-1230.0,09:25
2026-06-03,09:55,BUY,Turtle Soup Model (PDL),A+,87,23252.65,23219.36,23319.23,23252.65,33.29000000000087,True,3,50,23252.65,BREAKEVEN,0.0,0.0,10:10
2026-06-04,09:35,SELL,Judas Swing Model,A+,86,23321.45,23372.46,23219.43,23372.46,51.0099999999984,False,2,50,23372.46,SL,-51.0099999999984,-2550.5,09:45
2026-06-05,09:20,BUY,Judas Swing Model,A+,86,23451.2,23435.11,23483.38,23451.2,16.090000000000146,True,2,50,23461.1,NEAR_TP,9.899999999997817,495.0,09:30
2026-06-08,09:20,SELL,Judas Swing Model,A+,88,23136.0,23152.18,23103.64,23152.18,16.18000000000029,False,1,50,23152.18,SL,-16.18000000000029,-809.0,09:25
2026-06-08,09:25,BUY,Turtle Soup Model (PWL),A+,87,23155.5,23118.52,23229.46,23155.5,36.97999999999956,True,8,50,23155.5,BREAKEVEN,0.0,0.0,10:05
2026-06-09,09:50,BUY,Judas Swing Model,A,76,23212.95,23175.9,23287.05,23175.9,37.04999999999927,False,2,50,23175.9,SL,-37.04999999999927,-1852.5,10:00
2026-06-09,10:20,BUY,Turtle Soup Model (PWL),A+,87,23158.15,23144.64,23185.17,23144.64,13.510000000002037,False,5,50,23144.64,SL,-13.510000000002037,-675.5,10:45
2026-06-10,09:30,SELL,Judas Swing Model,A,76,23349.9,23355.64,23338.42,23355.64,5.739999999997963,False,1,50,23338.42,TP,11.480000000003201,574.0,09:35
2026-06-10,14:40,SELL,Turtle Soup Model (PDH),A+,92,23261.6,23300.21,23184.38,23261.6,38.61000000000058,True,7,50,23208.25,SQUAREOFF,53.349999999998545,2667.5,15:15
2026-06-11,09:20,SELL,Judas Swing Model,A+,91,23114.9,23152.98,23038.74,23152.98,38.07999999999811,False,5,50,23152.98,SL,-38.07999999999811,-1904.0,09:45
2026-06-11,14:45,BUY,Turtle Soup Model (PDL),A+,92,23191.7,23161.81,23251.48,23161.81,29.889999999999418,False,3,50,23161.81,SL,-29.889999999999418,-1494.5,15:00
2026-06-12,09:30,BUY,Judas Swing Model,A+,86,23407.95,23379.47,23464.91,23379.47,28.479999999999563,False,2,50,23379.47,SL,-28.479999999999563,-1424.0,09:40
2026-06-12,10:05,SELL,Silver Bullet Model,A,80,23347.55,23430.39,23181.87,23430.39,82.84000000000015,False,42,50,23430.39,SL,-82.84000000000015,-4142.0,13:35
2026-06-15,09:30,BUY,Judas Swing Model,A+,86,23946.7,23920.82,23998.46,23946.7,25.88000000000102,True,5,50,23946.7,BREAKEVEN,0.0,0.0,09:55
2026-06-16,09:35,SELL,Judas Swing Model,A+,86,23934.4,23958.55,23886.1,23934.4,24.149999999997817,True,9,50,23934.4,BREAKEVEN,0.0,0.0,10:20
2026-06-18,09:45,SELL,Judas Swing Model,A+,86,24126.7,24140.02,24100.06,24126.7,13.319999999999709,True,5,50,24126.7,BREAKEVEN,0.0,0.0,10:10
2026-06-18,14:05,SELL,Turtle Soup Model (PDH),A,84,24096.05,24114.29,24059.57,24096.05,18.2400000000016,True,6,50,24096.05,BREAKEVEN,0.0,0.0,14:35
2026-06-19,09:30,BUY,Judas Swing Model,A+,91,23950.05,23933.89,23982.37,23950.05,16.159999999999854,True,2,50,23975.2,NEAR_TP,25.150000000001455,1257.5,09:40
2026-06-22,09:20,SELL,Judas Swing Model,A,83,24136.85,24146.93,24116.69,24136.85,10.080000000001746,True,2,50,24136.85,BREAKEVEN,0.0,0.0,09:30
2026-06-23,14:40,BUY,Turtle Soup Model (PWL),A+,92,23927.25,23893.97,23993.81,23893.97,33.279999999998836,False,4,50,23893.97,SL,-33.279999999998836,-1664.0,15:00
2026-06-24,09:20,SELL,Judas Swing Model,A+,86,23863.25,23879.92,23829.91,23879.92,16.669999999998254,False,1,50,23879.92,SL,-16.669999999998254,-833.5,09:25
2026-06-24,10:05,BUY,Turtle Soup Model (PWL),A+,87,23909.15,23880.46,23966.53,23909.15,28.69000000000233,True,4,50,23966.53,TP,57.37999999999738,2869.0,10:25
2026-06-25,09:25,SELL,Judas Swing Model,A+,86,24147.15,24173.97,24093.51,24173.97,26.81999999999971,False,5,50,24173.97,SL,-26.81999999999971,-1341.0,09:50
2026-06-25,14:45,SELL,Turtle Soup Model (PDH),A+,92,24071.85,24099.04,24017.47,24099.04,27.19000000000233,False,1,50,24099.04,SL,-27.19000000000233,-1359.5,14:50
2026-06-29,09:35,BUY,Judas Swing Model,A,83,24060.1,24000.48,24179.34,24060.1,59.61999999999898,True,15,50,24060.1,BREAKEVEN,0.0,0.0,10:50
2026-06-30,13:55,BUY,Turtle Soup Model (PDL),A+,92,23929.4,23913.61,23960.98,23913.61,15.790000000000873,False,1,50,23913.61,SL,-15.790000000000873,-789.5,14:00
2026-06-30,14:45,SELL,Unicorn Model,A,81,23940.75,23988.87,23844.51,23988.87,48.11999999999898,False,3,50,23844.51,TP,96.2400000000016,4812.0,15:00
2026-07-01,09:30,SELL,Judas Swing Model,A+,86,23919.55,23941.09,23876.47,23941.09,21.540000000000873,False,1,50,23941.09,SL,-21.540000000000873,-1077.0,09:35
2026-07-01,14:10,SELL,Turtle Soup Model (PDH),A+,92,24035.3,24046.68,24012.54,24035.3,11.380000000001019,True,5,50,24012.54,TP,22.7599999999984,1138.0,14:35
2026-07-02,10:30,BUY,Silver Bullet Model,A,77,24094.25,23982.47,24317.81,23982.47,111.77999999999884,False,57,50,24156.0,SQUAREOFF,61.75,3087.5,15:15
2026-07-06,09:20,SELL,Judas Swing Model,A+,88,24344.25,24363.13,24306.49,24363.13,18.88000000000102,False,2,50,24363.13,SL,-18.88000000000102,-944.0,09:30
2026-07-06,09:35,SELL,Turtle Soup Model (PDH),A+,92,24372.3,24382.8,24351.3,24382.8,10.5,False,2,50,24382.8,SL,-10.5,-525.0,09:45
2026-07-07,09:20,SELL,Turtle Soup Model (PDH),A+,87,24458.05,24477.83,24418.49,24458.05,19.780000000002474,True,2,50,24458.05,BREAKEVEN,0.0,0.0,09:30
2026-07-08,09:20,SELL,Judas Swing Model,A,81,24246.0,24299.39,24139.22,24299.39,53.38999999999942,False,22,50,24299.39,SL,-53.38999999999942,-2669.5,11:10
2026-07-10,09:30,SELL,Judas Swing Model,A,76,24186.0,24193.85,24170.3,24193.85,7.849999999998545,False,1,50,24193.85,SL,-7.849999999998545,-392.5,09:35
2026-07-13,09:55,BUY,Turtle Soup Model (PDL),A+,87,24121.2,24100.56,24162.48,24100.56,20.639999999999418,False,2,50,24100.56,SL,-20.639999999999418,-1032.0,10:05
2026-07-13,15:00,SELL,Turtle Soup Model (PDH),A+,87,24227.4,24236.18,24209.84,24227.4,8.779999999998836,True,2,50,24209.84,TP,17.56000000000131,878.0,15:10
2026-07-14,09:35,SELL,Judas Swing Model,A,81,24104.9,24161.35,23992.0,24104.9,56.44999999999709,True,11,50,24104.9,BREAKEVEN,0.0,0.0,10:30
2026-07-15,13:45,BUY,2022 Model,A,84,24067.85,24023.96,24155.63,24023.96,43.88999999999942,False,18,50,24079.1,SQUAREOFF,11.25,562.5,15:15
2026-07-16,09:25,BUY,Turtle Soup Model (PWL),A+,87,24127.5,24114.88,24152.74,24114.88,12.619999999998981,False,1,50,24114.88,SL,-12.619999999998981,-631.0,09:30
2026-07-16,09:40,BUY,Judas Swing Model,A,76,24140.85,24093.14,24236.27,24093.14,47.70999999999913,False,46,50,24093.14,SL,-47.70999999999913,-2385.5,13:30
2026-07-17,09:20,SELL,Judas Swing Model,A+,86,24191.9,24200.02,24175.66,24200.02,8.119999999998981,False,1,50,24200.02,SL,-8.119999999998981,-406.0,09:25
2026-07-22,14:15,BUY,Unicorn Model,A+,88,23984.3,23966.04,24020.82,23984.3,18.2599999999984,True,11,50,24020.82,TP,36.52000000000044,1826.0,15:10
2026-07-23,09:40,SELL,Judas Swing Model,A,76,23907.75,23955.62,23812.01,23955.62,47.86999999999898,False,4,50,23955.62,SL,-47.86999999999898,-2393.5,10:00
2026-07-24,09:20,SELL,Judas Swing Model,A+,86,23731.4,23769.0,23656.2,23731.4,37.599999999998545,True,4,50,23656.2,TP,75.20000000000073,3760.0,09:40
2026-07-24,14:00,BUY,Turtle Soup Model (PDL),A+,87,23817.15,23785.45,23880.55,23785.45,31.700000000000728,False,4,50,23785.45,SL,-31.700000000000728,-1585.0,14:20
2026-07-28,13:55,SELL,Turtle Soup Model (PDH),A+,87,24001.9,24013.88,23977.94,24001.9,11.979999999999563,True,7,50,23977.94,TP,23.960000000002765,1198.0,14:30
2026-07-30,09:30,SELL,Turtle Soup Model (PDH),A+,87,24274.4,24289.98,24243.24,24274.4,15.579999999998108,True,2,50,24255.85,NEAR_TP,18.55000000000291,927.5,09:40
2026-07-30,09:35,SELL,Judas Swing Model,A,76,24258.55,24290.05,24195.55,24258.55,31.5,True,13,50,24258.55,BREAKEVEN,0.0,0.0,10:40
2026-07-31,09:40,BUY,Judas Swing Model,A,76,24349.3,24295.61,24456.68,24349.3,53.68999999999869,True,67,50,24377.9,SQUAREOFF,28.600000000002183,1430.0,15:15
2026-08-04,09:30,BUY,Judas Swing Model,A,76,24590.65,24584.27,24603.41,24584.27,6.380000000001019,False,1,50,24603.41,TP,12.7599999999984,638.0,09:35
2026-08-05,09:25,BUY,Judas Swing Model,A+,86,24621.4,24606.99,24650.22,24606.99,14.409999999999854,False,1,50,24606.99,SL,-14.409999999999854,-720.5,09:30
2026-08-05,10:15,BUY,Silver Bullet Model,A,80,24610.8,24452.4,24927.6,24452.4,158.39999999999782,False,60,50,24570.2,SQUAREOFF,-40.599999999998545,-2030.0,15:15
2026-08-06,09:20,SELL,Judas Swing Model,A+,86,24637.5,24651.43,24609.64,24637.5,13.930000000000291,True,3,50,24637.5,BREAKEVEN,0.0,0.0,09:35
2026-08-07,09:25,SELL,Judas Swing Model,A,81,24601.6,24623.23,24558.34,24623.23,21.63000000000102,False,5,50,24623.23,SL,-21.63000000000102,-1081.5,09:50
2026-08-10,09:20,SELL,Judas Swing Model,A+,91,24590.35,24623.66,24523.73,24590.35,33.31000000000131,True,3,50,24523.73,TP,66.61999999999898,3331.0,09:35
2026-08-10,09:35,BUY,Turtle Soup Model (PDL),A+,87,24528.05,24508.03,24568.09,24528.05,20.020000000000437,True,8,50,24568.09,TP,40.04000000000087,2002.0,10:15
2026-08-10,14:05,SELL,2022 Model,A,84,24597.85,24616.48,24560.59,24597.85,18.63000000000102,True,7,50,24572.5,NEAR_TP,25.349999999998545,1267.5,14:40
2026-08-11,09:20,BUY,Turtle Soup Model (PWL),A+,87,24500.15,24489.66,24521.13,24489.66,10.4900000000016,False,1,50,24489.66,SL,-10.4900000000016,-524.5,09:25
2026-08-13,09:25,BUY,Judas Swing Model,A+,86,24339.15,24322.29,24372.87,24322.29,16.860000000000582,False,1,50,24322.29,SL,-16.860000000000582,-843.0,09:30
2026-08-14,09:30,BUY,Judas Swing Model,A,81,24325.75,24301.06,24375.13,24325.75,24.68999999999869,True,12,50,24325.75,BREAKEVEN,0.0,0.0,10:30
2026-08-14,15:00,BUY,2022 Model,A,78,24375.45,24331.76,24462.83,24331.76,43.69000000000233,False,3,50,24354.85,SQUAREOFF,-20.600000000002183,-1030.0,15:15
2026-08-17,09:20,BUY,Turtle Soup Model (PDL),A+,87,24303.1,24290.91,24327.48,24290.91,12.18999999999869,False,2,50,24290.91,SL,-12.18999999999869,-609.5,09:30
2026-08-17,09:30,BUY,Judas Swing Model,A,83,24287.1,24278.39,24304.52,24287.1,8.709999999999127,True,1,50,24293.15,NEAR_TP,6.05000000000291,302.5,09:35
2026-08-18,09:25,SELL,Judas Swing Model,A+,86,24245.1,24272.63,24190.04,24245.1,27.530000000002474,True,16,50,24204.75,NEAR_TP,40.349999999998545,2017.5,10:45
2026-08-20,09:25,BUY,Judas Swing Model,A,76,24190.8,24181.12,24210.16,24190.8,9.680000000000291,True,2,50,24201.35,NEAR_TP,10.549999999999272,527.5,09:35
2026-08-21,09:40,BUY,Judas Swing Model,A,76,24243.85,24204.3,24322.95,24204.3,39.54999999999927,False,67,50,24234.75,SQUAREOFF,-9.099999999998545,-455.0,15:15
2026-08-24,09:35,SELL,Turtle Soup Model (PDH),A+,92,24283.1,24290.64,24268.02,24283.1,7.540000000000873,True,2,50,24283.1,BREAKEVEN,0.0,0.0,09:45
2026-08-24,09:45,SELL,Turtle Soup Model (PWH),A+,89,24281.35,24287.13,24269.79,24281.35,5.780000000002474,True,2,50,24281.35,BREAKEVEN,0.0,0.0,09:55
2026-08-25,09:20,SELL,Judas Swing Model,A+,86,24175.05,24201.07,24123.01,24175.05,26.020000000000437,True,8,50,24143.9,NEAR_TP,31.149999999997817,1557.5,10:00
2026-08-25,14:00,BUY,Turtle Soup Model (PDL),A+,92,24156.95,24136.78,24197.29,24156.95,20.17000000000189,True,6,50,24197.29,TP,40.340000000000146,2017.0,14:30
2026-08-26,09:25,SELL,Judas Swing Model,A+,86,24351.15,24366.68,24320.09,24366.68,15.529999999998836,False,3,50,24366.68,SL,-15.529999999998836,-776.5,09:40
2026-08-26,13:50,SELL,2022 Model,A,84,24264.65,24274.04,24245.87,24274.04,9.389999999999418,False,4,50,24274.04,SL,-9.389999999999418,-469.5,14:10
2026-08-27,09:30,BUY,Turtle Soup Model (PDL),A+,87,24210.85,24185.36,24261.83,24185.36,25.489999999997963,False,6,50,24185.36,SL,-25.489999999997963,-1274.5,10:00
2026-08-27,14:50,SELL,2022 Model,A,78,24149.55,24165.7,24117.25,24149.55,16.150000000001455,True,5,50,24133.05,SQUAREOFF,16.5,825.0,15:15
2026-08-28,09:20,BUY,Judas Swing Model,A,83,24129.55,24103.79,24181.07,24129.55,25.7599999999984,True,11,50,24181.07,TP,51.52000000000044,2576.0,10:15
2026-08-31,09:25,BUY,Judas Swing Model,A,76,24043.05,24032.64,24063.87,24032.64,10.409999999999854,False,1,50,24063.87,TP,20.81999999999971,1041.0,09:30
2026-09-01,09:40,BUY,Judas Swing Model,A,76,24028.35,24021.94,24041.17,24021.94,6.4099999999998545,False,1,50,24021.94,SL,-6.4099999999998545,-320.5,09:45
2026-09-01,13:55,BUY,Turtle Soup Model (PDL),A+,87,24000.15,23985.43,24029.59,23985.43,14.720000000001164,False,1,50,23985.43,SL,-14.720000000001164,-736.0,14:00
2026-09-02,09:25,BUY,Judas Swing Model,A,76,23821.7,23781.26,23902.58,23821.7,40.44000000000233,True,13,50,23881.1,NEAR_TP,59.39999999999782,2970.0,10:30
2026-09-03,09:25,BUY,Judas Swing Model,A,76,23982.2,23951.83,24042.94,23982.2,30.36999999999898,True,13,50,23982.2,BREAKEVEN,0.0,0.0,10:30
2026-09-03,14:05,SELL,Turtle Soup Model (PDH),A+,87,23912.45,23920.51,23896.33,23912.45,8.059999999997672,True,3,50,23912.45,BREAKEVEN,0.0,0.0,14:20
2026-09-04,09:25,BUY,Judas Swing Model,A+,91,23908.35,23897.04,23930.97,23897.04,11.309999999997672,False,2,50,23897.04,SL,-11.309999999997672,-565.5,09:35
