date,trades,wins,losses,scratches,points,pnl,cum_pnl
2025-12-11,2,2,0,0,92.51,4625.5,4625.5
2025-12-12,1,0,1,0,-25.12,-1256.0,3369.5
2025-12-15,1,1,0,0,72.6,3630.0,6999.5
2025-12-16,1,0,0,1,0.0,0.0,6999.5
2025-12-17,2,0,2,0,-45.6,-2280.0,4719.5
2025-12-18,0,0,0,0,0.0,0.0,4719.5
2025-12-19,0,0,0,0,0.0,0.0,4719.5
2025-12-22,0,0,0,0,0.0,0.0,4719.5
2025-12-23,1,0,1,0,-10.4,-520.0,4199.5
2025-12-24,2,1,1,0,6.88,344.0,4543.5
2025-12-26,1,0,1,0,-14.18,-709.0,3834.5
2025-12-29,1,0,0,1,0.0,0.0,3834.5
2025-12-30,2,1,0,0,63.9,3195.0,7029.5
2025-12-31,1,0,1,0,-42.21,-2110.5,4919.0
2026-01-01,1,0,1,0,-40.92,-2046.0,2873.0
2026-01-02,1,0,1,0,-12.77,-638.5,2234.5
2026-01-05,1,0,1,0,-6.58,-329.0,1905.5
2026-01-06,0,0,0,0,0.0,0.0,1905.5
2026-01-07,2,1,1,0,-0.81,-40.5,1865.0
2026-01-08,1,0,1,0,-45.87,-2293.5,-428.5
2026-01-09,2,0,2,0,-49.16,-2458.0,-2886.5
2026-01-12,0,0,0,0,0.0,0.0,-2886.5
2026-01-13,2,0,1,1,-19.04,-952.0,-3838.5
2026-01-14,1,0,1,0,-42.38,-2119.0,-5957.5
2026-01-16,1,0,1,0,-5.41,-270.5,-6228.0
2026-01-19,0,0,0,0,0.0,0.0,-6228.0
2026-01-20,0,0,0,0,0.0,0.0,-6228.0
2026-01-21,0,0,0,0,0.0,0.0,-6228.0
2026-01-22,1,1,0,0,48.98,2449.0,-3779.0
2026-01-23,0,0,0,0,0.0,0.0,-3779.0
2026-01-27,1,0,0,0,111.4,5570.0,1791.0
2026-01-28,2,1,0,1,34.0,1700.0,3491.0
2026-01-29,3,0,1,2,-28.07,-1403.5,2087.5
2026-01-30,2,0,1,1,-17.93,-896.5,1191.0
2026-02-01,2,1,0,1,33.28,1664.0,2855.0
2026-02-02,0,0,0,0,0.0,0.0,2855.0
2026-02-03,1,0,1,0,-38.86,-1943.0,912.0
2026-02-04,1,0,1,0,-66.41,-3320.5,-2408.5
2026-02-05,1,0,1,0,-5.32,-266.0,-2674.5
2026-02-06,2,0,2,0,-63.86,-3193.0,-5867.5
2026-02-09,1,0,1,0,-34.03,-1701.5,-7569.0
2026-02-10,2,0,2,0,-42.07,-2103.5,-9672.5
2026-02-11,2,1,1,0,2.01,100.5,-9572.0
2026-02-12,1,0,1,0,-35.47,-1773.5,-11345.5
2026-02-13,1,0,1,0,-40.57,-2028.5,-13374.0
2026-02-16,1,0,1,0,-72.28,-3614.0,-16988.0
2026-02-17,2,1,1,0,45.57,2278.5,-14709.5
2026-02-18,1,0,1,0,-34.85,-1742.5,-16452.0
2026-02-19,0,0,0,0,0.0,0.0,-16452.0
2026-02-20,1,1,0,0,181.75,9087.5,-7364.5
2026-02-23,1,0,0,1,0.0,0.0,-7364.5
2026-02-24,1,0,0,0,39.5,1975.0,-5389.5
2026-02-25,2,1,1,0,2.2,110.0,-5279.5
2026-02-26,1,0,1,0,-61.45,-3072.5,-8352.0
2026-02-27,2,0,2,0,-70.28,-3514.0,-11866.0
2026-03-02,1,0,1,0,-71.89,-3594.5,-15460.5
2026-03-04,1,1,0,0,22.4,1120.0,-14340.5
2026-03-05,1,0,0,1,0.0,0.0,-14340.5
2026-03-06,1,0,1,0,-68.51,-3425.5,-17766.0
2026-03-09,1,1,0,0,157.08,7854.0,-9912.0
2026-03-10,1,0,1,0,-22.1,-1105.0,-11017.0
2026-03-11,1,1,0,0,81.9,4095.0,-6922.0
2026-03-12,0,0,0,0,0.0,0.0,-6922.0
2026-03-13,1,1,0,0,43.3,2165.0,-4757.0
2026-03-16,3,1,1,1,72.01,3600.5,-1156.5
2026-03-17,1,1,0,0,143.18,7159.0,6002.5
2026-03-18,1,0,1,0,-69.95,-3497.5,2505.0
2026-03-19,1,0,1,0,-22.78,-1139.0,1366.0
2026-03-20,1,0,1,0,-57.49,-2874.5,-1508.5
2026-03-23,0,0,0,0,0.0,0.0,-1508.5
2026-03-24,1,0,1,0,-63.92,-3196.0,-4704.5
2026-03-25,1,1,0,0,38.5,1925.0,-2779.5
2026-03-27,1,0,1,0,-57.4,-2870.0,-5649.5
2026-03-30,1,0,1,0,-26.45,-1322.5,-6972.0
2026-04-01,2,0,1,0,100.53,5026.5,-1945.5
2026-04-02,0,0,0,0,0.0,0.0,-1945.5
2026-04-06,0,0,0,0,0.0,0.0,-1945.5
2026-04-07,1,0,1,0,-107.02,-5351.0,-7296.5
2026-04-08,1,0,0,1,0.0,0.0,-7296.5
2026-04-09,1,0,0,1,0.0,0.0,-7296.5
2026-04-10,1,0,1,0,-66.68,-3334.0,-10630.5
2026-04-13,1,1,0,0,15.45,772.5,-9858.0
2026-04-15,1,0,0,0,15.65,782.5,-9075.5
2026-04-16,2,2,0,0,84.34,4217.0,-4858.5
2026-04-17,1,0,1,0,-41.92,-2096.0,-6954.5
2026-04-20,2,2,0,0,160.86,8043.0,1088.5
2026-04-21,1,0,1,0,-25.71,-1285.5,-197.0
2026-04-22,3,1,1,1,27.42,1371.0,1174.0
2026-04-23,1,0,1,0,-48.99,-2449.5,-1275.5
2026-04-24,0,0,0,0,0.0,0.0,-1275.5
2026-04-27,1,1,0,0,39.4,1970.0,694.5
2026-04-28,2,0,1,1,-27.2,-1360.0,-665.5
2026-04-29,1,1,0,0,45.7,2285.0,1619.5
2026-04-30,2,1,1,0,47.97,2398.5,4018.0
2026-05-04,2,0,0,2,0.0,0.0,4018.0
2026-05-05,1,1,0,0,37.72,1886.0,5904.0
2026-05-06,2,0,1,0,-32.56,-1628.0,4276.0
2026-05-07,2,0,1,1,-46.01,-2300.5,1975.5
2026-05-08,1,1,0,0,46.45,2322.5,4298.0
2026-05-11,1,0,1,0,-48.08,-2404.0,1894.0
2026-05-12,0,0,0,0,0.0,0.0,1894.0
2026-05-13,1,1,0,0,191.75,9587.5,11481.5
2026-05-14,2,2,0,0,201.4,10070.0,21551.5
2026-05-15,1,0,1,0,-52.75,-2637.5,18914.0
2026-05-18,2,0,0,2,0.0,0.0,18914.0
2026-05-19,1,0,1,0,-90.51,-4525.5,14388.5
2026-05-20,1,1,0,0,102.65,5132.5,19521.0
2026-05-21,2,0,2,0,-58.3,-2915.0,16606.0
2026-05-22,1,0,1,0,-31.47,-1573.5,15032.5
2026-05-25,2,1,1,0,7.22,361.0,15393.5
2026-05-26,3,0,3,0,-51.0,-2550.0,12843.5
2026-05-27,2,2,0,0,86.6,4330.0,17173.5
2026-05-29,2,1,1,0,-16.89,-844.5,16329.0
2026-06-01,1,0,1,0,-13.2,-660.0,15669.0
2026-06-02,2,0,1,1,-14.39,-719.5,14949.5
2026-06-03,2,0,1,1,-24.6,-1230.0,13719.5
2026-06-04,1,0,1,0,-51.01,-2550.5,11169.0
2026-06-05,1,1,0,0,9.9,495.0,11664.0
2026-06-08,2,0,1,1,-16.18,-809.0,10855.0
2026-06-09,2,0,2,0,-50.56,-2528.0,8327.0
2026-06-10,2,1,0,0,64.83,3241.5,11568.5
2026-06-11,2,0,2,0,-67.97,-3398.5,8170.0
2026-06-12,2,0,2,0,-111.32,-5566.0,2604.0
2026-06-15,1,0,0,1,0.0,0.0,2604.0
2026-06-16,1,0,0,1,0.0,0.0,2604.0
2026-06-17,0,0,0,0,0.0,0.0,2604.0
2026-06-18,2,0,0,2,0.0,0.0,2604.0
2026-06-19,1,1,0,0,25.15,1257.5,3861.5
2026-06-22,1,0,0,1,0.0,0.0,3861.5
2026-06-23,1,0,1,0,-33.28,-1664.0,2197.5
2026-06-24,2,1,1,0,40.71,2035.5,4233.0
2026-06-25,2,0,2,0,-54.01,-2700.5,1532.5
2026-06-29,1,0,0,1,0.0,0.0,1532.5
2026-06-30,2,1,1,0,80.45,4022.5,5555.0
2026-07-01,2,1,1,0,1.22,61.0,5616.0
2026-07-02,1,0,0,0,61.75,3087.5,8703.5
2026-07-03,0,0,0,0,0.0,0.0,8703.5
2026-07-06,2,0,2,0,-29.38,-1469.0,7234.5
2026-07-07,1,0,0,1,0.0,0.0,7234.5
2026-07-08,1,0,1,0,-53.39,-2669.5,4565.0
2026-07-09,0,0,0,0,0.0,0.0,4565.0
2026-07-10,1,0,1,0,-7.85,-392.5,4172.5
2026-07-13,2,1,1,0,-3.08,-154.0,4018.5
2026-07-14,1,0,0,1,0.0,0.0,4018.5
2026-07-15,1,0,0,0,11.25,562.5,4581.0
2026-07-16,2,0,2,0,-60.33,-3016.5,1564.5
2026-07-17,1,0,1,0,-8.12,-406.0,1158.5
2026-07-20,0,0,0,0,0.0,0.0,1158.5
2026-07-21,0,0,0,0,0.0,0.0,1158.5
2026-07-22,1,1,0,0,36.52,1826.0,2984.5
2026-07-23,1,0,1,0,-47.87,-2393.5,591.0
2026-07-24,2,1,1,0,43.5,2175.0,2766.0
2026-07-27,0,0,0,0,0.0,0.0,2766.0
2026-07-28,1,1,0,0,23.96,1198.0,3964.0
2026-07-29,0,0,0,0,0.0,0.0,3964.0
2026-07-30,2,1,0,1,18.55,927.5,4891.5
2026-07-31,1,0,0,0,28.6,1430.0,6321.5
2026-08-03,0,0,0,0,0.0,0.0,6321.5
2026-08-04,1,1,0,0,12.76,638.0,6959.5
2026-08-05,2,0,2,0,-55.01,-2750.5,4209.0
2026-08-06,1,0,0,1,0.0,0.0,4209.0
2026-08-07,1,0,1,0,-21.63,-1081.5,3127.5
2026-08-10,3,3,0,0,132.01,6600.5,9728.0
2026-08-11,1,0,1,0,-10.49,-524.5,9203.5
2026-08-12,0,0,0,0,0.0,0.0,9203.5
2026-08-13,1,0,1,0,-16.86,-843.0,8360.5
2026-08-14,2,0,1,1,-20.6,-1030.0,7330.5
2026-08-17,2,1,1,0,-6.14,-307.0,7023.5
2026-08-18,1,1,0,0,40.35,2017.5,9041.0
2026-08-19,0,0,0,0,0.0,0.0,9041.0
2026-08-20,1,1,0,0,10.55,527.5,9568.5
2026-08-21,1,0,1,0,-9.1,-455.0,9113.5
2026-08-24,2,0,0,2,0.0,0.0,9113.5
2026-08-25,2,2,0,0,71.49,3574.5,12688.0
2026-08-26,2,0,2,0,-24.92,-1246.0,11442.0
2026-08-27,2,0,1,0,-8.99,-449.5,10992.5
2026-08-28,1,1,0,0,51.52,2576.0,13568.5
2026-08-31,1,1,0,0,20.82,1041.0,14609.5
2026-09-01,2,0,2,0,-21.13,-1056.5,13553.0
2026-09-02,1,1,0,0,59.4,2970.0,16523.0
2026-09-03,2,0,0,2,0.0,0.0,16523.0
2026-09-04,1,0,1,0,-11.31,-565.5,15957.5
